job_title,company,company_rating,location,date
Data Engineer,Everytown for Gun Safety,2.0,"Washington, DC",2020-07-24 16:28:53
Chief Engineer,Monday Properties,3.0,"Arlington, VA 22209 (Radnor-Ft Myer Heights area)",2020-07-24 16:28:53
Survey Party Technician,"FAM Construction, LLC",2.4,"Fairfax, VA 22030",2020-07-24 16:28:53
Data Engineer,"Corvium, Inc.",N/A,"Reston, VA 20190 (Sunset Hills area)",2020-07-24 16:28:53
Sr. Project Engineer,Project Farma,4.3,"Washington, DC",2020-07-24 16:28:53
Cloud Data Engineer (Azure),Navy Federal Credit Union,4.0,"Vienna, VA 22180",2020-07-24 16:28:53
Big Data Engineer,Tackle Consulting,N/A,"Reston, VA",2020-07-24 16:28:53
IT Data Engineer,Holder Construction Group,3.9,"Atlanta, GA",2020-07-24 16:28:53
Data and Analytics Software Engineer - Entry Level,Farlinium,N/A,"Falls Church, VA",2020-07-24 16:28:53
Chief Engineer,Monday Properties,3.0,"Arlington, VA 22209 (Radnor-Ft Myer Heights area)",2020-07-24 16:28:53
Data Engineer,Elder Research Inc,N/A,"Arlington, VA 22201 (Colonial Village area)",2020-07-24 16:28:53
Data Engineer,Chance River,N/A,"Washington, DC",2020-07-24 16:28:53
Data Engineer,Airlines Reporting Corporation (ARC),3.4,"Arlington, VA",2020-07-24 16:28:53
Data Engineer,Airlines Reporting Corporation,3.4,"Arlington, VA 22201 (Lyon Village area)",2020-07-24 16:28:53
Jr. Big Data Engineer,Enhance IT,3.4,"Washington, DC",2020-07-24 16:28:53
Data Engineer,Amazon.com Services LLC,3.6,"Arlington, VA 22202 (Aurora Highlands area)",2020-07-24 16:28:53
DATA ENGINEER APPRENTICE,Digital Creative Institute,5.0,"Job, WV",2020-07-24 16:28:53
Data Engineer,IBM,3.9,"Washington, DC 20001 (Shaw area)",2020-07-24 16:28:53
Jr. Big Data Engineer,Enhance IT,3.4,"Washington, DC",2020-07-24 16:28:53
Data Engineer,Everytown for Gun Safety,2.0,"Washington, DC",2020-07-24 16:29:12
Virtual Hosting Environment Engineer,"Computational Physics, Inc.",N/A,"Washington, DC",2020-07-24 16:29:12
Database Solutions Engineer,Pluris Marketing,N/A,"Framingham, MA 01701",2020-07-24 16:29:12
Cloud Data Engineer (Azure),Navy Federal Credit Union,4.0,"Vienna, VA 22180",2020-07-24 16:29:12
Analytics Engineer,The Voter Participation Center / Center for Voter Information,N/A,"Washington, DC 20036 (Downtown area)",2020-07-24 16:29:12
Data Engineer with Top Secret,OneGlobe LLC,N/A,"Washington, DC 20528 (American University Park area)",2020-07-24 16:29:12
Data Engineer,Booz Allen Hamilton,3.9,"Arlington, VA 22202 (Aurora Highlands area)",2020-07-24 16:29:12
"Data Scientist, Machine Learning Engineer",NOVI LLC,N/A,"Arlington, VA 22206 (Fairlington-Shirlington area)",2020-07-24 16:29:12
Data Engineer,"RIVA Solutions, Inc.",3.6,"Washington, DC",2020-07-24 16:29:12
Data Engineer,Mondo,N/A,"New York, NY 10001 (Chelsea area)",2020-07-24 16:29:12
Environmental Protection Specialist,Centers for Disease Control and Prevention,4.2,"Washington, DC",2020-07-24 16:29:12
Azure Data Engineer,Infotree Global,N/A,"Seattle, WA",2020-07-24 16:29:12
Data Engineer (Remote),kraken,3.9,Remote,2020-07-24 16:29:12
Data Engineer - DoD Office of Inspector General,Barbaricum,3.6,"Alexandria, VA",2020-07-24 16:29:12
Data Engineer - Data,Slack,3.8,Remote,2020-07-24 16:29:12
Data Engineer,Fayetteville Public Works Commission,4.3,"Fayetteville, NC 28301",2020-07-24 16:29:12
Chief Engineer,Monday Properties,3.0,"Arlington, VA 22209 (Radnor-Ft Myer Heights area)",2020-07-24 16:29:12
Data Engineer,Chenega Corporation,3.7,"Springfield, VA",2020-07-24 16:29:12
